"Set","File","SourceBytes","ProductionBytes","Format","SavedBytes"
"tarot","adalet.png","3152573","494894","WebP","2657679"
"tarot","asiklar.png","3177886","500020","WebP","2677866"
"tarot","asilan_adam.png","3172802","505602","WebP","2667200"
"tarot","ay.png","3154884","509212","WebP","2645672"
"tarot","aziz.png","3059109","461090","WebP","2598019"
"tarot","basrahibe.png","3130139","489206","WebP","2640933"
"tarot","buyucu.png","3213989","520804","WebP","2693185"
"tarot","degnek_altilisi.png","3147738","495110","WebP","2652628"
"tarot","degnek_asi.png","3079338","494894","WebP","2584444"
"tarot","degnek_beslisi.png","3290617","545024","WebP","2745593"
"tarot","degnek_dokuzlusu.png","3174040","520126","WebP","2653914"
"tarot","degnek_dortlusu.png","3272342","551082","WebP","2721260"
"tarot","degnek_ikilisi.png","3148321","514486","WebP","2633835"
"tarot","degnek_krali.png","3194043","527068","WebP","2666975"
"tarot","degnek_kralicesi.png","3200672","520088","WebP","2680584"
"tarot","degnek_onlusu.png","3186556","527178","WebP","2659378"
"tarot","degnek_prensi.png","3128877","508764","WebP","2620113"
"tarot","degnek_sekizlisi.png","3193967","523422","WebP","2670545"
"tarot","degnek_sovalyesi.png","3178776","520648","WebP","2658128"
"tarot","degnek_uclusu.png","3164509","528460","WebP","2636049"
"tarot","degnek_yedilisi.png","3153437","514202","WebP","2639235"
"tarot","deli.png","3247423","540138","WebP","2707285"
"tarot","denge.png","3197906","506082","WebP","2691824"
"tarot","dunya.png","3276388","533294","WebP","2743094"
"tarot","ermis.png","3234770","536876","WebP","2697894"
"tarot","guc.png","3198099","513204","WebP","2684895"
"tarot","gunes.png","3141057","498258","WebP","2642799"
"tarot","imparator.png","3193064","505338","WebP","2687726"
"tarot","imparatorice.png","3272278","529678","WebP","2742600"
"tarot","kader_carki.png","3320535","538578","WebP","2781957"
"tarot","kilic_altilisi.png","3090331","505912","WebP","2584419"
"tarot","kilic_asi.png","3037774","485606","WebP","2552168"
"tarot","kilic_beslisi.png","3148585","519926","WebP","2628659"
"tarot","kilic_dokuzlusu.png","3157723","512102","WebP","2645621"
"tarot","kilic_dortlusu.png","3131680","512592","WebP","2619088"
"tarot","kilic_ikilisi.png","3199031","510092","WebP","2688939"
"tarot","kilic_krali.png","3207444","532860","WebP","2674584"
"tarot","kilic_kralicesi.png","3197349","516168","WebP","2681181"
"tarot","kilic_onlusu.png","3171774","524984","WebP","2646790"
"tarot","kilic_prensi.png","3195801","530370","WebP","2665431"
"tarot","kilic_sekizlisi.png","3116681","507808","WebP","2608873"
"tarot","kilic_sovalyesi.png","3174334","534382","WebP","2639952"
"tarot","kilic_uclusu.png","3150830","507662","WebP","2643168"
"tarot","kilic_yedilisi.png","3120842","500748","WebP","2620094"
"tarot","kule.png","3121094","495270","WebP","2625824"
"tarot","kupa_altilisi.png","3172831","521876","WebP","2650955"
"tarot","kupa_asi.png","3164064","532408","WebP","2631656"
"tarot","kupa_beslisi.png","3172884","534366","WebP","2638518"
"tarot","kupa_dokuzlusu.png","3181731","529272","WebP","2652459"
"tarot","kupa_dortlusu.png","3141792","514662","WebP","2627130"
"tarot","kupa_ikilisi.png","3186184","522898","WebP","2663286"
"tarot","kupa_krali.png","3275533","557076","WebP","2718457"
"tarot","kupa_kralicesi.png","3179621","520228","WebP","2659393"
"tarot","kupa_onlusu.png","3176960","530126","WebP","2646834"
"tarot","kupa_prensi.png","3159117","521028","WebP","2638089"
"tarot","kupa_sekizlisi.png","3228359","535392","WebP","2692967"
"tarot","kupa_sovalyesi.png","3173712","520398","WebP","2653314"
"tarot","kupa_uclusu.png","3229705","539826","WebP","2689879"
"tarot","kupa_yedilisi.png","3096440","509852","WebP","2586588"
"tarot","mahkeme.png","3175390","506418","WebP","2668972"
"tarot","olum.png","3201959","517874","WebP","2684085"
"tarot","savas_arabasi.png","3224007","534224","WebP","2689783"
"tarot","seytan.png","3071106","469848","WebP","2601258"
"tarot","tilsim_altilisi.png","3176577","523434","WebP","2653143"
"tarot","tilsim_asi.png","3230479","557450","WebP","2673029"
"tarot","tilsim_beslisi.png","3181198","535966","WebP","2645232"
"tarot","tilsim_dokuzlusu.png","3346444","593524","WebP","2752920"
"tarot","tilsim_dortlusu.png","3229269","544242","WebP","2685027"
"tarot","tilsim_ikilisi.png","3182342","535492","WebP","2646850"
"tarot","tilsim_krali.png","3313902","562936","WebP","2750966"
"tarot","tilsim_kralicesi.png","3368940","584806","WebP","2784134"
"tarot","tilsim_onlusu.png","3346443","582784","WebP","2763659"
"tarot","tilsim_prensi.png","3311721","580884","WebP","2730837"
"tarot","tilsim_sekizlisi.png","3203585","546992","WebP","2656593"
"tarot","tilsim_sovalyesi.png","3310122","575094","WebP","2735028"
"tarot","tilsim_uclusu.png","3154032","507302","WebP","2646730"
"tarot","tilsim_yedilisi.png","3275308","561812","WebP","2713496"
"tarot","yildiz.png","3192389","519746","WebP","2672643"
"katina","adhamdeva.png","2669269","313200","WebP","2356069"
"katina","afyon.png","2778568","359878","WebP","2418690"
"katina","agac.png","3054372","477654","WebP","2576718"
"katina","albanoz.png","2676272","334586","WebP","2341686"
"katina","alyans.png","2631821","326424","WebP","2305397"
"katina","anahtar.png","2525909","278358","WebP","2247551"
"katina","aral.png","2742512","336590","WebP","2405922"
"katina","ariman.png","2800106","361018","WebP","2439088"
"katina","assyranta.png","2581519","308814","WebP","2272705"
"katina","attart.png","2766402","349704","WebP","2416698"
"katina","ay.png","3066579","444744","WebP","2621835"
"katina","bahceler.png","3215827","534310","WebP","2681517"
"katina","balik.png","3146425","480540","WebP","2665885"
"katina","baykus.png","3159051","494232","WebP","2664819"
"katina","bedes.png","3047574","424934","WebP","2622640"
"katina","bulutlar.png","2803971","389740","WebP","2414231"
"katina","cilekler.png","3145873","482426","WebP","2663447"
"katina","dag.png","3151046","474584","WebP","2676462"
"katina","dare.png","2898896","400664","WebP","2498232"
"katina","dastar.png","2942647","390216","WebP","2552431"
"katina","dervis.png","2714814","350884","WebP","2363930"
"katina","deste.png","2910001","417996","WebP","2492005"
"katina","deve.png","3026480","455712","WebP","2570768"
"katina","elmas.png","2728085","350858","WebP","2377227"
"katina","eprahhat.png","2963707","436898","WebP","2526809"
"katina","ev.png","3135630","509320","WebP","2626310"
"katina","fareler.png","2747492","372688","WebP","2374804"
"katina","gamhat.png","2641869","329424","WebP","2312445"
"katina","gunes.png","3008627","439464","WebP","2569163"
"katina","hac.png","2974349","439162","WebP","2535187"
"katina","hesse.png","3169833","476644","WebP","2693189"
"katina","isfahan.png","3050350","418526","WebP","2631824"
"katina","kale.png","2791173","365970","WebP","2425203"
"katina","kalif.png","2967906","412868","WebP","2555038"
"katina","kalp.png","2675112","346712","WebP","2328400"
"katina","kapi.png","2841064","375642","WebP","2465422"
"katina","kitap.png","2709213","351352","WebP","2357861"
"katina","kiz_cocugu.png","2746332","329500","WebP","2416832"
"katina","kopek.png","2914620","391736","WebP","2522884"
"katina","mektup.png","2869887","388856","WebP","2481031"
"katina","mezar.png","3067573","454598","WebP","2612975"
"katina","mida.png","3314631","537724","WebP","2776907"
"katina","munzur.png","2930642","409574","WebP","2521068"
"katina","nil_nehri.png","3200176","516000","WebP","2684176"
"katina","parsadra.png","3236818","496130","WebP","2740688"
"katina","saah.png","3107261","457280","WebP","2649981"
"katina","samyeli.png","3367082","570534","WebP","2796548"
"katina","selana.png","3355514","524614","WebP","2830900"
"katina","selcuksassa.png","3277053","520540","WebP","2756513"
"katina","sunit.png","3036612","437152","WebP","2599460"
"katina","supurge.png","2623429","341456","WebP","2281973"
"katina","tagral.png","2650617","322830","WebP","2327787"
"katina","tattaret.png","2721199","345642","WebP","2375557"
"katina","tilki.png","2853645","373252","WebP","2480393"
"katina","turan.png","2879435","387372","WebP","2492063"
"katina","urmia.png","2761667","350176","WebP","2411491"
"katina","valide.png","2759728","339848","WebP","2419880"
"katina","yakut.png","2593933","316460","WebP","2277473"
"katina","yatagan.png","2563785","312658","WebP","2251127"
"katina","yelkenli.png","2602837","321550","WebP","2281287"
"katina","yilan.png","2732698","369316","WebP","2363382"
"katina","yildizlar.png","2678490","352958","WebP","2325532"
"katina","yol.png","2757129","391898","WebP","2365231"
"katina","zara.png","2936472","401832","WebP","2534640"
"katina","zumrut.png","2699494","372050","WebP","2327444"
"rune","algiz.png","2524280","319378","WebP","2204902"
"rune","ansuz.png","2605522","311562","WebP","2293960"
"rune","berkano.png","2617136","354244","WebP","2262892"
"rune","dagaz.png","2478507","333440","WebP","2145067"
"rune","ehwaz.png","2545925","324682","WebP","2221243"
"rune","eihwaz.png","2573002","350434","WebP","2222568"
"rune","fehu.png","2537927","317166","WebP","2220761"
"rune","gebo.png","2576322","308816","WebP","2267506"
"rune","hagalaz.png","2615903","326784","WebP","2289119"
"rune","ingwaz.png","2532847","348748","WebP","2184099"
"rune","isa.png","2537693","331774","WebP","2205919"
"rune","jera.png","2519359","321102","WebP","2198257"
"rune","kenaz.png","2491115","298924","WebP","2192191"
"rune","laguz.png","2505854","336314","WebP","2169540"
"rune","mannaz.png","2494951","305668","WebP","2189283"
"rune","nauthiz.png","2534604","307078","WebP","2227526"
"rune","odin_runesi.png","2654708","367942","WebP","2286766"
"rune","othala.png","2670233","364870","WebP","2305363"
"rune","perthro.png","2510943","318952","WebP","2191991"
"rune","raidho.png","2531315","294868","WebP","2236447"
"rune","sowilo.png","2510426","317620","WebP","2192806"
"rune","thurisaz.png","2638678","329272","WebP","2309406"
"rune","tiwaz.png","2513068","309084","WebP","2203984"
"rune","uruz.png","2569346","302416","WebP","2266930"
"rune","wunjo.png","2549788","302488","WebP","2247300"
"cards-back","katina_back.png","2620781","338066","WebP","2282715"
"cards-back","rune_back.png","3456731","566798","WebP","2889933"
"cards-back","runetas_back.png","2898234","406734","WebP","2491500"
"cards-back","tarot_back.png","3063823","459054","WebP","2604769"
